{
  "kinematic_only": {
    "pos_rmse_x_mm": 4.1636061668396,
    "pos_rmse_y_mm": 4.364725112915039,
    "pos_rmse_z_mm": 3.3731460571289062,
    "pos_rmse_all_mm": 6.911190509796143,
    "rot_rmse_roll_deg": 13.970161597671492,
    "rot_rmse_pitch_deg": 7.38081958815891,
    "rot_rmse_yaw_deg": 15.081873694112549,
    "rot_geodesic_deg": 11.552056312561035,
    "jaw_rmse_rad": 0.003015646245330572,
    "ece": 0.0660530216647663,
    "jaw_pct_rmse": 13.284591674804688,
    "jaw_pct_rmse_unclipped": 15.730243682861328,
    "jaw_pct_median_span_volt": 0.029230833053588867,
    "jaw_pct_median_span_volt_pertool": 0.02417886257171631,
    "n_pct_frames": 42096,
    "n_degenerate_trialtools": 0
  },
  "kinematic_regr": {
    "pos_rmse_x_mm": 5.1703410148620605,
    "pos_rmse_y_mm": 5.786155700683594,
    "pos_rmse_z_mm": 3.851611614227295,
    "pos_rmse_all_mm": 8.6629638671875,
    "rot_rmse_roll_deg": 33.13038144790032,
    "rot_rmse_pitch_deg": 17.1646234829317,
    "rot_rmse_yaw_deg": 31.22473562904488,
    "rot_geodesic_deg": 27.640186309814453,
    "jaw_rmse_rad": 0.003287313738837838,
    "ece": 0.09762048650703152,
    "jaw_pct_rmse": 14.422030448913574,
    "jaw_pct_rmse_unclipped": 16.93254280090332,
    "jaw_pct_median_span_volt": 0.029230833053588867,
    "jaw_pct_median_span_volt_pertool": 0.02417886257171631,
    "n_pct_frames": 42096,
    "n_degenerate_trialtools": 0
  },
  "visual_regr": {
    "pos_rmse_x_mm": 18.291406631469727,
    "pos_rmse_y_mm": 16.957366943359375,
    "pos_rmse_z_mm": 13.037713050842285,
    "pos_rmse_all_mm": 28.144447326660156,
    "rot_rmse_roll_deg": 52.82594296149607,
    "rot_rmse_pitch_deg": 27.21197607730755,
    "rot_rmse_yaw_deg": 54.999227777672054,
    "rot_geodesic_deg": 44.009056091308594,
    "jaw_rmse_rad": 0.011296635493636131,
    "ece": 0.13722367920942613,
    "jaw_pct_rmse": 45.603702545166016,
    "jaw_pct_rmse_unclipped": 51.27687454223633,
    "jaw_pct_median_span_volt": 0.029230833053588867,
    "jaw_pct_median_span_volt_pertool": 0.02417886257171631,
    "n_pct_frames": 42096,
    "n_degenerate_trialtools": 0
  },
  "art_net_regr": {
    "pos_rmse_x_mm": 19.671131134033203,
    "pos_rmse_y_mm": 20.679277420043945,
    "pos_rmse_z_mm": 14.879993438720703,
    "pos_rmse_all_mm": 32.186954498291016,
    "rot_rmse_roll_deg": 65.62382792350849,
    "rot_rmse_pitch_deg": 30.723547827356423,
    "rot_rmse_yaw_deg": 67.48268927210121,
    "rot_geodesic_deg": 55.38300323486328,
    "jaw_rmse_rad": 0.010479476302862167,
    "ece": 0.15495399804708698,
    "jaw_pct_rmse": 42.51985168457031,
    "jaw_pct_rmse_unclipped": 48.103172302246094,
    "jaw_pct_median_span_volt": 0.029312610626220703,
    "jaw_pct_median_span_volt_pertool": 0.02453005313873291,
    "n_pct_frames": 92170,
    "n_degenerate_trialtools": 0
  },
  "visual_lstm": {
    "pos_rmse_x_mm": 17.128135681152344,
    "pos_rmse_y_mm": 13.220817565917969,
    "pos_rmse_z_mm": 12.329727172851562,
    "pos_rmse_all_mm": 24.903518676757812,
    "rot_rmse_roll_deg": 76.84424123334112,
    "rot_rmse_pitch_deg": 36.78272894598239,
    "rot_rmse_yaw_deg": 68.0289995086296,
    "rot_geodesic_deg": 67.89643096923828,
    "jaw_rmse_rad": 0.010394236072897911,
    "ece": 0.09823812238692507,
    "jaw_pct_rmse": 43.17008972167969,
    "jaw_pct_rmse_unclipped": 54.28408432006836,
    "jaw_pct_median_span_volt": 0.029230833053588867,
    "jaw_pct_median_span_volt_pertool": 0.02417886257171631,
    "n_pct_frames": 42096,
    "n_degenerate_trialtools": 0
  },
  "visual_tcn": {
    "pos_rmse_x_mm": 15.106324195861816,
    "pos_rmse_y_mm": 11.869661331176758,
    "pos_rmse_z_mm": 11.016180038452148,
    "pos_rmse_all_mm": 22.146018981933594,
    "rot_rmse_roll_deg": 72.04458640447479,
    "rot_rmse_pitch_deg": 37.27585867261724,
    "rot_rmse_yaw_deg": 68.57890863099993,
    "rot_geodesic_deg": 66.44580078125,
    "jaw_rmse_rad": 0.010029136203229427,
    "ece": 0.24038939566704667,
    "jaw_pct_rmse": 41.88392639160156,
    "jaw_pct_rmse_unclipped": 49.37394332885742,
    "jaw_pct_median_span_volt": 0.029230833053588867,
    "jaw_pct_median_span_volt_pertool": 0.02417886257171631,
    "n_pct_frames": 42096,
    "n_degenerate_trialtools": 0
  },
  "visual_transformer": {
    "pos_rmse_x_mm": 16.388023376464844,
    "pos_rmse_y_mm": 13.686575889587402,
    "pos_rmse_z_mm": 12.451740264892578,
    "pos_rmse_all_mm": 24.71710968017578,
    "rot_rmse_roll_deg": 73.99319081451277,
    "rot_rmse_pitch_deg": 45.638896468766696,
    "rot_rmse_yaw_deg": 79.74351504699679,
    "rot_geodesic_deg": 68.95765686035156,
    "jaw_rmse_rad": 0.010139559395611286,
    "ece": 0.11514158114785253,
    "jaw_pct_rmse": 42.20907974243164,
    "jaw_pct_rmse_unclipped": 52.761016845703125,
    "jaw_pct_median_span_volt": 0.029230833053588867,
    "jaw_pct_median_span_volt_pertool": 0.02417886257171631,
    "n_pct_frames": 42096,
    "n_degenerate_trialtools": 0
  },
  "no_kinematic_prior": {
    "pos_rmse_x_mm": 17.021169662475586,
    "pos_rmse_y_mm": 13.75497055053711,
    "pos_rmse_z_mm": 12.540279388427734,
    "pos_rmse_all_mm": 25.222570419311523,
    "rot_rmse_roll_deg": 77.17157479568245,
    "rot_rmse_pitch_deg": 33.41145685835549,
    "rot_rmse_yaw_deg": 75.93535799084121,
    "rot_geodesic_deg": 55.515342712402344,
    "jaw_rmse_rad": 0.00985397957265377,
    "ece": 0.1382181679969593,
    "jaw_pct_rmse": 39.13246154785156,
    "jaw_pct_rmse_unclipped": 46.016380310058594,
    "jaw_pct_median_span_volt": 0.029230833053588867,
    "jaw_pct_median_span_volt_pertool": 0.02417886257171631,
    "n_pct_frames": 42096,
    "n_degenerate_trialtools": 0
  },
  "no_bimanual": {
    "pos_rmse_x_mm": 5.590709686279297,
    "pos_rmse_y_mm": 5.82797908782959,
    "pos_rmse_z_mm": 4.183338165283203,
    "pos_rmse_all_mm": 9.095147132873535,
    "rot_rmse_roll_deg": 20.943802320619707,
    "rot_rmse_pitch_deg": 8.949140656037901,
    "rot_rmse_yaw_deg": 22.17851036111319,
    "rot_geodesic_deg": 13.620308876037598,
    "jaw_rmse_rad": 0.003192723961547017,
    "ece": 0.025496294184720592,
    "jaw_pct_rmse": 14.290733337402344,
    "jaw_pct_rmse_unclipped": 16.855026245117188,
    "jaw_pct_median_span_volt": 0.029230833053588867,
    "jaw_pct_median_span_volt_pertool": 0.02417886257171631,
    "n_pct_frames": 42096,
    "n_degenerate_trialtools": 0
  },
  "no_calibration": {
    "pos_rmse_x_mm": 4.1855950355529785,
    "pos_rmse_y_mm": 4.457545280456543,
    "pos_rmse_z_mm": 3.466111421585083,
    "pos_rmse_all_mm": 7.028716087341309,
    "rot_rmse_roll_deg": 15.09441692190198,
    "rot_rmse_pitch_deg": 7.730344704026934,
    "rot_rmse_yaw_deg": 15.977532687377568,
    "rot_geodesic_deg": 11.924745559692383,
    "jaw_rmse_rad": 0.003053343156352639,
    "ece": 0.25920353477765096,
    "jaw_pct_rmse": 13.492944717407227,
    "jaw_pct_rmse_unclipped": 15.932228088378906,
    "jaw_pct_median_span_volt": 0.029230833053588867,
    "jaw_pct_median_span_volt_pertool": 0.02417886257171631,
    "n_pct_frames": 42096,
    "n_degenerate_trialtools": 0
  },
  "full_btpn": {
    "pos_rmse_x_mm": 4.160144329071045,
    "pos_rmse_y_mm": 4.444665431976318,
    "pos_rmse_z_mm": 3.4255411624908447,
    "pos_rmse_all_mm": 6.98542594909668,
    "rot_rmse_roll_deg": 14.411608664541625,
    "rot_rmse_pitch_deg": 7.316678721102102,
    "rot_rmse_yaw_deg": 15.606467145972344,
    "rot_geodesic_deg": 11.706655502319336,
    "jaw_rmse_rad": 0.003037865273654461,
    "ece": 0.02704370961611551,
    "omega_rmse_deg": 17.619295120239258,
    "jaw_pct_rmse": 13.580886840820312,
    "jaw_pct_rmse_unclipped": 16.211055755615234,
    "jaw_pct_median_span_volt": 0.029230833053588867,
    "jaw_pct_median_span_volt_pertool": 0.02417886257171631,
    "n_pct_frames": 42096,
    "n_degenerate_trialtools": 0,
    "ar_h5_mm": 16.73516273498535,
    "ar_h10_mm": 28.23910140991211
  },
  "cross_dataset": {
    "A": {
      "pos_rmse_x_mm": 4.160144329071045,
      "pos_rmse_y_mm": 4.444665431976318,