{
  "N_frames": 21048,
  "tool_points": 42096,
  "panel_a": {
    "position": {
      "ece": 0.02770885594830858,
      "coverage": {
        "0.500": 0.42557487647282405,
        "0.683": 0.7107088559483087,
        "0.900": 0.9382364120106423,
        "0.950": 0.9698308627898138,
        "0.990": 0.9913530976814899
      }
    },
    "rotation": {
      "ece": 0.30113150893196494,
      "coverage": {
        "0.500": 0.9618966172557962,
        "0.683": 0.984131508931965,
        "0.900": 0.99230330672748,
        "0.950": 0.993657354618016,
        "0.990": 0.9949638920562524
      }
    },
    "jaw": {
      "ece": 0.07932896237172174,
      "coverage": {
        "0.500": 0.5920039908779932,
        "0.683": 0.7623289623717218,
        "0.900": 0.92115640440897,
        "0.950": 0.9505891296085138,
        "0.990": 0.9768386545039909
      }
    }
  },
  "panel_b_r": 0.6027308702468872,
  "panel_c": {
    "ause_mm": 0.9498976739085448,
    "mean_error_mm": 5.471236705780029,
    "mean_error_discard50_mm": 4.555419921875
  },
  "panel_d": {
    "high": [
      5.3118577003479,
      20258
    ],
    "medium": [
      7.278857707977295,
      669
    ],
    "low": [
      22.160484313964844,
      121
    ]
  }
}